webmaster@cursosymanuales.com;;
manuales_com@hotmail.com,;;
bulldog2_es@yahoo.es,;;
webmaster@sep.gob.mx;;
solomanuales@hotmail.com,solomanuales@hotmail.com,;;
webmaster@crmc.co.uk;;
webmaster@nassauwings.org;;
webmaster@blackrebelmotorcycleclub.com;;
webmaster@aol.com;;
webmaster@devildolls.com;;
spokeswmc@aol.com,spokeswmc@aol.com,spokeswmc@aol.com,SpokesWomenMC@hotmail.com,;;
webmaster@blueknights.org;;
webmaster@antiquemotorcycle.org;;
VCVRace@aol.com,VCVRace@aol.com,stanleyshenko@comcast.net,Eulerckt@aol.com,vjmcmbrchair@hotmail.com,jimvjmc@kconline.com,Benley67@aol.com,;;
racewillow@aol.com,racewillow@aol.com,wsmcschool@aol.com,wsmcschool@aol.com,;;
admin@vjmc.com,;;
webmaster@borderriders.org;;
clockwork@tamu.edu,puryear@tca.net,;;
dmc@daytonmc.com,;;
Webmaster@oedipusmc.org,;;
directhit916@aol.com,wes.patterson@att.net,gerardwing@netzero.com,earlgrist1@attbi.com,mike-walker@webtv.net,tom@valleyknights.org,VKMC@ValleyKnights.org,VKMC@ValleyKnights.org,webmaster@valleyknights.org,;;
webmaster@teleport.com;;
Dealership@WomenOnWheels.org.),webmaster@womenonwheels.org,webmaster@womenonwheels.org,;;
webmaster@atujara.org.auonMouseOver=window.status=Email,webmaster@atujara.org.auonMouseOver=window.status=Join,;;
webmaster@earthlink.net;;
webmaster@ramapomc.org;;
info@gaybikers.co.uk,info@gaybikers.co.uk,;;
webmaster@tomcc.demon.co.uk;;
webmaster@satyrsmc.com;;
webmaster@outlawsmc.com;;
fellefax@aol.com,President@lostwheels.com,info@lostwheels.com,info@lostwheels.com,Vendors@lostwheels.com,Vendors@lostwheels.com,PublicityChairperson@lostwheels.com,Publicity Chairperson@lostwheels.com,Membership@lostwheels.com,Membership@lostwheels.com,;;
gustin@rpnet.net,;;
webmaster@readingmc.com?subject=Mail_from_RMCOnline,webmaster@readingmc.com,;;
ChuckDBonnett@aol.com,ChuckDBonnett@aol.com,DWJ1950@YAHOO.COM,DWJ1950@YAHOO.COM,Video action @ the 2002 Billings HC is available @ ,2003 Arena Cross @ Metra,;;
info@ridemotorcycle.com,info@ridemotorcycle.com,info@ridemotorcycle.com,info@ridemotorcycle.com,info@ridemotorcycle.com,info@ridemotorcycle.com,info@ridemotorcycle.com,;;
hillsmk@gte.net,;;
webmaster@ancientironmc.com;;
webmaster@cernunnos-mcc.org;;
webmaster@dot-motorcycle-club.co.uk;;
info@warriorsmc.org,endy@sbcglobal.net,s_harman@email.msn.com,pigonahogsd@cs.com,info@warriorsmc.org,;;
~~~~~~~~~~~~~~~~~~~~~,;;
webmaster@com;;
webmaster@bmwmccvic.org.au;;
