<?xml version="1.0" encoding="ISO-8859-1"?>
<!DOCTYPE struts-config PUBLIC "-//Apache Software Foundation//DTD Struts Configuration 1.0//EN"
          "http://jakarta.apache.org/struts/dtds/struts-config_1_0.dtd">
<!--
	Fichero de configuracion de Struts.
	Este fichero es el "mapa" que relaciona las peticiones (las urls) con la
	accion a realizar, asi como los formularios y las jsp relacionadas con cada accion.
	- Por un lado se definen los form-beans o formularios.
	- Por otro las acciones u objetos Action (action-mappings, tipo edit y save), alos que se asocia un form y una o dos
	jsps (para el caso de exito y el de error)
	- Por ultimo, se definen redirecciones globales

-->
<struts-config>
	<!-- ========== Defincion de Beans de Formulario  =================================== -->
	<form-beans>
			
		<!-- alta Mecano form bean -->
		<form-bean name="altaMecanoForm" type="pxai.struts.mecano.form.AltaMecanoForm"/>

		<!-- alta Leccion Mecano form bean -->
		<form-bean name="altaLeccionMecanoForm" type="pxai.struts.mecano.form.AltaLeccionMecanoForm"/>

		<!-- principal Mecano form bean -->
		<form-bean name="principalMecanoForm" type="pxai.struts.mecano.form.PrincipalMecanoForm"/>

		<!-- BusquedaAlumno Mecano form bean -->
		<form-bean name="busquedaAlumnoMecanoForm" type="pxai.struts.mecano.form.BusquedaAlumnoMecanoForm"/>

		<!-- ActualizacionAlumno Mecano form bean -->
		<form-bean name="actualizacionAlumnoMecanoForm" type="pxai.struts.mecano.form.ActualizacionAlumnoMecanoForm"/>

		<!-- BusquedaLeccion Mecano form bean -->
		<form-bean name="busquedaLeccionMecanoForm" type="pxai.struts.mecano.form.BusquedaLeccionMecanoForm"/>

		<!-- ActualizacionLeccion Mecano form bean -->
		<form-bean name="actualizacionLeccionMecanoForm" type="pxai.struts.mecano.form.ActualizacionLeccionMecanoForm"/>
				
		<!-- Mecano form bean -->
		<form-bean name="mecanoMecanoForm" type="pxai.struts.mecano.form.MecanoMecanoForm"/>

	</form-beans>
	<!-- ========== Definicion de redirecciones globales ============================== -->
	<global-forwards>
		<forward name="success" path="/principal.jsp"/>
		<forward name="failure" path="/error.jsp"/>
	</global-forwards>
	<!-- ========== Definicion de Mapeo de acciones ============================== -->
	<!-- Aqui se describe la clase que se carga para una url (=path) concreta -->
	<action-mappings>

		<!-- Editar Index Mecano -->
		<action path="/editIndexMecano" type="pxai.struts.mecano.action.EditIndexMecanoAction" name="" scope="request" validate="false">
			<forward name="success" path="/index.jsp"/>
		</action>	
		
		<!-- Editar Index Mecano : alias-->
		<action path="/login" type="pxai.struts.mecano.action.EditIndexMecanoAction" name="" scope="request" validate="false">
			<forward name="success" path="/index.jsp"/>
		</action>			

		<!-- Editar Principal Mecano -->
		<action path="/editPrincipalMecano" type="pxai.struts.mecano.action.EditPrincipalMecanoAction" name="principalMecanoForm" scope="request" validate="true">
			<forward name="success" path="/principal.jsp"/>
			<forward name="successadmin" path="/principalAdmin.jsp"/>
			<forward name="failure" path="/index.jsp"/>
		</action>

		<!-- Editar Busqueda Alumno Mecano -->
		<action path="/editBusquedaAlumnoMecano" type="pxai.struts.mecano.action.EditBusquedaAlumnoMecanoAction" name="busquedaAlumnoMecanoForm" scope="request" validate="false">
			<forward name="success" path="/busquedaAlumno.jsp"/>
		</action>
		
		<!-- Editar ActualizacionAlumno Mecano -->
		<action path="/editActualizacionAlumnoMecano" type="pxai.struts.mecano.action.EditActualizacionAlumnoMecanoAction" name="actualizacionAlumnoMecanoForm" scope="request" validate="false">
			<forward name="success" path="/actualizacionAlumno.jsp"/>
		</action>

		<!-- Salvar ActualizacionAlumno Mecano -->
		<action path="/saveActualizacionAlumnoMecano" type="pxai.struts.mecano.action.SaveActualizacionAlumnoMecanoAction" name="actualizacionAlumnoMecanoForm" scope="request" validate="true">
			<forward name="success" path="/confirmacionActualizacionAlumno.jsp"/>
		</action>		

		<!-- Editar Busqueda Leccion Mecano -->
		<action path="/editBusquedaLeccionMecano" type="pxai.struts.mecano.action.EditBusquedaLeccionMecanoAction" name="busquedaLeccionMecanoForm" scope="request" validate="false">
			<forward name="success" path="/busquedaLeccion.jsp"/>
		</action>
		
		<!-- Editar ActualizacionLeccion Mecano -->
		<action path="/editActualizacionLeccionMecano" type="pxai.struts.mecano.action.EditActualizacionLeccionMecanoAction" name="actualizacionLeccionMecanoForm" scope="request" validate="false">
			<forward name="success" path="/actualizacionLeccion.jsp"/>
		</action>

		<!-- Salvar ActualizacionLeccion Mecano -->
		<action path="/saveActualizacionLeccionMecano" type="pxai.struts.mecano.action.SaveActualizacionLeccionMecanoAction" name="actualizacionLeccionMecanoForm" scope="request" validate="true">
			<forward name="success" path="/confirmacionActualizacionLeccion.jsp"/>
		</action>	

		<!-- Salvar Alta Mecano -->
		<action path="/saveAltaMecano" type="pxai.struts.mecano.action.SaveAltaMecanoAction" name="altaMecanoForm" scope="request" validate="false">
			<forward name="success" path="/alta.jsp"/>
		</action>

		<!-- Editar Mecano -->
		<action path="/editMecanoMecano" type="pxai.struts.mecano.action.EditMecanoMecanoAction" name="" scope="request" validate="false">
			<forward name="success" path="/mecano.jsp"/>
		</action>

		<!-- Salvar Mecano -->
		<action path="/saveMecanoMecano" type="pxai.struts.mecano.action.SaveMecanoMecanoAction" name="mecanoMecanoForm" scope="request" validate="false">
			<forward name="success" path="/editPrincipalMecano.do?action=mecano"/>
		</action>
		
		<!-- Editar Alta leccion Mecano -->
		<action path="/editAltaLeccionMecano" type="pxai.struts.mecano.action.EditAltaLeccionMecanoAction" name="altaLeccionMecanoForm" scope="request" validate="false">
			<forward name="success" path="/altaLeccion.jsp"/>
		</action>

		<!-- Salvar Mecano -->
		<action path="/saveAltaLeccionMecano" type="pxai.struts.mecano.action.SaveAltaLeccionMecanoAction" name="altaLeccionMecanoForm" scope="request" validate="false">
			<forward name="success" path="/confirmacionAltaLeccion.jsp"/>
		</action>
		
		<!-- Mostrar el tour o tutorial de Struts -->
		<!--action path="/tour" forward="/tour.htm"/ -->
		<!-- Aqui se definen ciertas acciones administrativas de Struts -->
		<!-- Obviamente deben ir protegidas en un entorno de produccion -->
		<!--action path="/admin/addFormBean" type="org.apache.struts.actions.AddFormBeanAction"/>
		<action path="/admin/addForward" type="org.apache.struts.actions.AddForwardAction"/>
		<action path="/admin/addMapping" type="org.apache.struts.actions.AddMappingAction"/>
		<action path="/admin/reload" type="org.apache.struts.actions.ReloadAction"/>
		<action path="/admin/removeFormBean" type="org.apache.struts.actions.RemoveFormBeanAction"/>
		<action path="/admin/removeForward" type="org.apache.struts.actions.RemoveForwardAction"/>
		<action path="/admin/removeMapping" type="org.apache.struts.actions.RemoveMappingAction"/-->		
	</action-mappings>
</struts-config>
